-- =====================================================
-- 服装生产管理系统 - 测试数据初始化脚本
-- =====================================================

-- 1. 角色数据
-- =====================================================
INSERT INTO roles (id, name, description, permissions) VALUES
('boss', '总经理', '系统最高权限，可查看所有数据和报表', '["all"]'),
('manager', '生产经理', '管理生产订单、生产排程、人员调度', '["production", "orders", "employees", "inventory"]'),
('production_manager', '生产主管', '管理生产线、工序跟踪、质量控制', '["production", "quality", "process"]'),
('warehouse', '仓库管理员', '管理物料入库、出库、盘点', '["inventory", "materials"]'),
('qc', '质检员', '负责质量检验、缺陷记录', '["quality", "inspections"]'),
('accountant', '财务', '管理财务账单、付款、工资', '["finance", "salary", "bills"]'),
('operator', '操作员', '负责扫码报工、工序操作', '["scan", "report"]'),
('viewer', '访客', '只能查看部分数据', '["view"]');

-- 2. 用户数据
-- =====================================================
INSERT INTO users (id, username, password, name, email, phone, role_id, department, position, is_active) VALUES
('U001', 'admin', 'admin123', '系统管理员', 'admin@company.com', '13800000001', 'boss', '总经办', '总经理', true),
('U002', 'zhangsan', '123456', '张三', 'zhangsan@company.com', '13800000002', 'manager', '生产部', '生产经理', true),
('U003', 'lisi', '123456', '李四', 'lisi@company.com', '13800000003', 'production_manager', '生产部', '生产主管', true),
('U004', 'wangwu', '123456', '王五', 'wangwu@company.com', '13800000004', 'warehouse', '仓库', '仓库主管', true),
('U005', 'zhaoliu', '123456', '赵六', 'zhaoliu@company.com', '13800000005', 'qc', '质检部', '质检主管', true),
('U006', 'sunqi', '123456', '孙七', 'sunqi@company.com', '13800000006', 'accountant', '财务部', '财务主管', true),
('U007', 'zhouba', '123456', '周八', 'zhouba@company.com', '13800000007', 'operator', '生产部', '缝纫工', true);

-- 3. 客户数据
-- =====================================================
INSERT INTO customers (id, name, code, contact_person, phone, email, address, city, province, credit_level, payment_terms) VALUES
('C001', '优衣库（中国）有限公司', 'UQ001', '张经理', '13900000001', 'zhang@uniqlo.com', '上海市长宁区虹桥路1438号', '上海', '上海', 'excellent', '月结30天'),
('C002', 'ZARA中国', 'ZARA01', '李总监', '13900000002', 'li@zara.com', '上海市静安区南京西路1168号', '上海', '上海', 'excellent', '月结45天'),
('C003', 'H&M中国', 'HM001', '王采购', '13900000003', 'wang@hm.com', '上海市黄浦区淮海中路222号', '上海', '上海', 'good', '月结30天'),
('C004', '耐克体育（中国）有限公司', 'NK001', '赵经理', '13900000004', 'zhao@nike.com', '上海市杨浦区淞沪路303号', '上海', '上海', 'excellent', '月结60天'),
('C005', '阿迪达斯体育（中国）有限公司', 'AD001', '孙采购', '13900000005', 'sun@adidas.com', '上海市静安区南京西路580号', '上海', '上海', 'excellent', '月结45天'),
('C006', '广州某某服装有限公司', 'GZ001', '陈总', '13900000006', 'chen@gz.com', '广州市天河区天河路385号', '广州', '广东', 'good', '月结30天'),
('C007', '杭州某某服饰有限公司', 'HZ001', '周经理', '13900000007', 'zhou@hz.com', '杭州市滨江区江南大道588号', '杭州', '浙江', 'normal', '月结15天'),
('C008', '深圳某某贸易有限公司', 'SZ001', '吴采购', '13900000008', 'wu@sz.com', '深圳市南山区科技园南区', '深圳', '广东', 'good', '月结30天');

-- 4. 供应商数据
-- =====================================================
INSERT INTO suppliers (id, name, code, type, contact_person, phone, email, address, city, province, credit_level, payment_terms, lead_time_days) VALUES
('S001', '绍兴某某纺织有限公司', 'SX001', 'material', '马经理', '15000000001', 'ma@sxtex.com', '绍兴市柯桥区轻纺城', '绍兴', '浙江', 'excellent', '月结30天', 3),
('S002', '苏州某某印染有限公司', 'SZ001', 'material', '钱经理', '15000000002', 'qian@szdye.com', '苏州市吴江区盛泽镇', '苏州', '江苏', 'good', '月结30天', 5),
('S003', '广东某某辅料有限公司', 'GD001', 'material', '孙经理', '15000000003', 'sun@gdacc.com', '广州市白云区', '广州', '广东', 'good', '月结30天', 3),
('S004', '义乌某某包装有限公司', 'YW001', 'material', '李经理', '15000000004', 'li@ywpkg.com', '义乌市稠江街道', '义乌', '浙江', 'normal', '现结', 2),
('S005', '福建某某印花厂', 'FJ001', 'outsource', '王老板', '15000000005', 'wang@fjprint.com', '泉州市晋江市', '泉州', '福建', 'good', '月结15天', 5),
('S006', '东莞某某绣花厂', 'DG001', 'outsource', '张老板', '15000000006', 'zhang@dgemb.com', '东莞市长安镇', '东莞', '广东', 'good', '月结15天', 3),
('S007', '浙江某某水洗厂', 'ZJ001', 'outsource', '刘老板', '15000000007', 'liu@zjwash.com', '嘉兴市秀洲区', '嘉兴', '浙江', 'normal', '现结', 7),
('S008', '江苏某某涂层厂', 'JS001', 'outsource', '陈老板', '15000000008', 'chen@jscoat.com', '无锡市锡山区', '无锡', '江苏', 'good', '月结30天', 5);

-- 5. 物料分类数据
-- =====================================================
INSERT INTO material_categories (id, name, code, description, sort_order) VALUES
('MC001', '面料', 'FABRIC', '各类服装面料', 1),
('MC002', '里料', 'LINING', '服装内衬材料', 2),
('MC003', '辅料', 'ACCESSORY', '拉链、纽扣、织带等', 3),
('MC004', '包装材料', 'PACKAGING', '纸箱、包装袋等', 4);

-- 6. 物料数据
-- =====================================================
INSERT INTO materials (id, name, code, category_id, type, unit, color, specification, width, weight, composition, supplier_id, unit_price, safety_stock, current_stock, warehouse_location) VALUES
('M001', '全棉平纹布', 'FAB001', 'MC001', 'fabric', '米', '白色', '40S/40S 110*90', 150, 120, '100%棉', 'S001', 25.00, 5000, 3500, 'A-01-01'),
('M002', '全棉平纹布', 'FAB002', 'MC001', 'fabric', '米', '黑色', '40S/40S 110*90', 150, 120, '100%棉', 'S001', 25.00, 3000, 2800, 'A-01-02'),
('M003', '全棉平纹布', 'FAB003', 'MC001', 'fabric', '米', '红色', '40S/40S 110*90', 150, 120, '100%棉', 'S001', 25.00, 2000, 150, 'A-01-03'),
('M004', '涤棉斜纹布', 'FAB004', 'MC001', 'fabric', '米', '蓝色', 'T/C 65/35 133*72', 150, 150, '65%涤纶35%棉', 'S002', 28.00, 4000, 4200, 'A-02-01'),
('M005', '涤棉斜纹布', 'FAB005', 'MC001', 'fabric', '米', '灰色', 'T/C 65/35 133*72', 150, 150, '65%涤纶35%棉', 'S002', 28.00, 3000, 2500, 'A-02-02'),
('M006', '弹力牛仔裤布', 'FAB006', 'MC001', 'fabric', '米', '深蓝色', '弹力牛仔', 150, 280, '98%棉2%氨纶', 'S002', 45.00, 2000, 1800, 'A-03-01'),
('M007', '涤纶里布', 'LIN001', 'MC002', 'fabric', '米', '黑色', '190T涤纶塔夫绸', 150, 70, '100%涤纶', 'S001', 12.00, 3000, 2500, 'B-01-01'),
('M008', '金属拉链', 'ACC001', 'MC003', 'accessory', '条', '银色', '3#金属拉链', 0, 0, '锌合金', 'S003', 2.50, 10000, 8500, 'C-01-01'),
('M009', '树脂拉链', 'ACC002', 'MC003', 'accessory', '条', '黑色', '3#树脂拉链', 0, 0, '树脂', 'S003', 1.80, 8000, 7200, 'C-01-02'),
('M010', '金属纽扣', 'ACC003', 'MC003', 'accessory', '粒', '古铜色', '20mm金属纽扣', 0, 0, '锌合金', 'S003', 0.80, 50000, 45000, 'C-02-01'),
('M011', '树脂纽扣', 'ACC004', 'MC003', 'accessory', '粒', '黑色', '15mm树脂纽扣', 0, 0, '树脂', 'S003', 0.30, 30000, 28000, 'C-02-02'),
('M012', '织带', 'ACC005', 'MC003', 'accessory', '米', '白色', '25mm涤纶织带', 25, 0, '涤纶', 'S003', 1.50, 5000, 4200, 'C-03-01'),
('M013', '纸箱', 'PKG001', 'MC004', 'packaging', '个', '棕色', '60*40*30cm五层瓦楞纸箱', 0, 0, '瓦楞纸', 'S004', 5.00, 2000, 1500, 'D-01-01'),
('M014', '包装袋', 'PKG002', 'MC004', 'packaging', '个', '透明', 'PE塑料袋30*40cm', 0, 0, 'PE', 'S004', 0.15, 50000, 48000, 'D-01-02'),
('M015', '吊牌', 'PKG003', 'MC004', 'packaging', '张', '白色', '标准吊牌300g铜版纸', 0, 0, '铜版纸', 'S004', 0.10, 100000, 95000, 'D-02-01');

-- 7. 款式数据
-- =====================================================
INSERT INTO styles (id, style_no, name, category, season, year, color, size_range, base_price, cost_price) VALUES
('ST001', 'T001', '基础圆领T恤', 'T恤', '春夏', 2024, '白色', 'S,M,L,XL,XXL', 59.00, 35.00),
('ST002', 'T002', '基础圆领T恤', 'T恤', '春夏', 2024, '黑色', 'S,M,L,XL,XXL', 59.00, 35.00),
('ST003', 'T003', '印花圆领T恤', 'T恤', '春夏', 2024, '白色', 'S,M,L,XL,XXL', 79.00, 45.00),
('ST004', 'S001', '商务衬衫', '衬衫', '四季', 2024, '白色', 'S,M,L,XL,XXL', 159.00, 85.00),
('ST005', 'S002', '商务衬衫', '衬衫', '四季', 2024, '蓝色', 'S,M,L,XL,XXL', 159.00, 85.00),
('ST006', 'S003', '休闲衬衫', '衬衫', '春夏', 2024, '格子', 'S,M,L,XL,XXL', 129.00, 68.00),
('ST007', 'J001', '休闲牛仔裤', '裤子', '四季', 2024, '深蓝色', '28,30,32,34,36', 199.00, 95.00),
('ST008', 'J002', '修身牛仔裤', '裤子', '四季', 2024, '黑色', '28,30,32,34,36', 199.00, 95.00),
('ST009', 'D001', '连衣裙', '裙装', '春夏', 2024, '碎花', 'S,M,L,XL', 259.00, 120.00),
('ST010', 'D002', '连衣裙', '裙装', '春夏', 2024, '纯色', 'S,M,L,XL', 229.00, 105.00);

-- 8. 生产线数据
-- =====================================================
INSERT INTO production_lines (id, name, code, type, capacity_per_day, efficiency, manager, status, location) VALUES
('PL001', '缝制线A', 'SA', 'sewing', 500, 95, '李四', 'active', 'A车间'),
('PL002', '缝制线B', 'SB', 'sewing', 450, 88, '王五', 'active', 'A车间'),
('PL003', '缝制线C', 'SC', 'sewing', 400, 92, '赵六', 'active', 'B车间'),
('PL004', '裁床线', 'CA', 'cutting', 1500, 90, '张三', 'active', '裁床车间'),
('PL005', '整烫线', 'IR', 'ironing', 800, 95, '孙七', 'active', '后整车间'),
('PL006', '包装线', 'PK', 'packing', 1000, 92, '周八', 'active', '包装车间');

-- 9. 工序定义数据
-- =====================================================
INSERT INTO processes (id, name, code, category, sequence, standard_time, standard_rate, skill_level, is_quality_point) VALUES
('P001', '裁剪', 'CUT', 'cutting', 1, 2.0, 0.50, 'junior', false),
('P002', '打号', 'NUM', 'cutting', 2, 0.5, 0.10, 'junior', false),
('P003', '粘衬', 'INT', 'cutting', 3, 1.0, 0.20, 'junior', false),
('P004', '前片缝合', 'FS', 'sewing', 4, 3.0, 0.80, 'middle', false),
('P005', '后片缝合', 'BS', 'sewing', 5, 2.5, 0.70, 'middle', false),
('P006', '袖子缝合', 'SL', 'sewing', 6, 2.5, 0.70, 'middle', false),
('P007', '领子制作', 'CL', 'sewing', 7, 4.0, 1.00, 'senior', false),
('P008', '装领', 'AC', 'sewing', 8, 3.5, 0.90, 'senior', true),
('P009', '装袖', 'AS', 'sewing', 9, 3.0, 0.80, 'middle', false),
('P010', '下摆缝制', 'HB', 'sewing', 10, 2.0, 0.50, 'junior', false),
('P011', '整烫', 'IR', 'ironing', 11, 2.0, 0.40, 'junior', false),
('P012', '质检', 'QC', 'inspection', 12, 1.5, 0.30, 'senior', true),
('P013', '包装', 'PK', 'packing', 13, 1.0, 0.20, 'junior', false),
('P014', '刺绣', 'EM', 'sewing', 4, 5.0, 1.50, 'senior', false),
('P015', '印花', 'PT', 'sewing', 4, 3.0, 1.00, 'middle', false);

-- 10. 生产订单数据
-- =====================================================
INSERT INTO production_orders (id, order_no, customer_id, style_id, style_no, style_name, color, total_quantity, size_breakdown, unit_price, total_amount, order_date, delivery_date, status, progress, priority, production_line_id, created_by) VALUES
('PO001', 'PO-2024-001', 'C001', 'ST001', 'T001', '基础圆领T恤', '白色', 3000, '{"S": 500, "M": 1000, "L": 1000, "XL": 500}', 59.00, 177000.00, '2024-01-01', '2024-01-20', 'in_progress', 65, 'high', 'PL001', 'U002'),
('PO002', 'PO-2024-002', 'C001', 'ST002', 'T002', '基础圆领T恤', '黑色', 2500, '{"S": 400, "M": 800, "L": 800, "XL": 500}', 59.00, 147500.00, '2024-01-02', '2024-01-22', 'in_progress', 45, 'normal', 'PL001', 'U002'),
('PO003', 'PO-2024-003', 'C002', 'ST004', 'S001', '商务衬衫', '白色', 1500, '{"S": 200, "M": 400, "L": 500, "XL": 400}', 159.00, 238500.00, '2024-01-03', '2024-01-25', 'in_progress', 80, 'high', 'PL002', 'U002'),
('PO004', 'PO-2024-004', 'C002', 'ST005', 'S002', '商务衬衫', '蓝色', 1200, '{"S": 200, "M": 400, "L": 400, "XL": 200}', 159.00, 190800.00, '2024-01-04', '2024-01-26', 'in_progress', 55, 'normal', 'PL002', 'U002'),
('PO005', 'PO-2024-005', 'C003', 'ST007', 'J001', '休闲牛仔裤', '深蓝色', 2000, '{"28": 300, "30": 500, "32": 600, "34": 400, "36": 200}', 199.00, 398000.00, '2024-01-05', '2024-01-28', 'pending', 0, 'urgent', 'PL003', 'U002'),
('PO006', 'PO-2024-006', 'C003', 'ST008', 'J002', '修身牛仔裤', '黑色', 1800, '{"28": 250, "30": 450, "32": 550, "34": 350, "36": 200}', 199.00, 358200.00, '2024-01-06', '2024-01-30', 'pending', 0, 'normal', 'PL003', 'U002'),
('PO007', 'PO-2024-007', 'C004', 'ST003', 'T003', '印花圆领T恤', '白色', 4000, '{"S": 600, "M": 1200, "L": 1200, "XL": 600, "XXL": 400}', 79.00, 316000.00, '2024-01-07', '2024-02-01', 'pending', 0, 'high', 'PL001', 'U002'),
('PO008', 'PO-2024-008', 'C004', 'ST009', 'D001', '连衣裙', '碎花', 800, '{"S": 150, "M": 250, "L": 250, "XL": 150}', 259.00, 207200.00, '2024-01-08', '2024-02-03', 'pending', 0, 'normal', NULL, 'U002'),
('PO009', 'PO-2024-009', 'C005', 'ST010', 'D002', '连衣裙', '纯色', 600, '{"S": 100, "M": 200, "L": 200, "XL": 100}', 229.00, 137400.00, '2024-01-09', '2024-02-05', 'completed', 100, 'normal', 'PL002', 'U002'),
('PO010', 'PO-2024-010', 'C005', 'ST006', 'S003', '休闲衬衫', '格子', 1000, '{"S": 150, "M": 300, "L": 300, "XL": 250}', 129.00, 129000.00, '2024-01-10', '2024-02-08', 'pending', 0, 'low', NULL, 'U002');
